address,stable1,stable2,stable3,stable4
0xE3744f1A8f42Ee157B55E9415c8BCae2145929d4,3563.00,0,0,0
0xEa42D799a7056CEfb2B7F3e993c9C40772298864,0,0,2882.73,0
0x1a95D0C59131212C06cBd824Fe1CF258B184A74d,366.00,0,0,0
0x0fA966025Fb51dD702B668F6d8E06E953E133838,84.19,0,0,0
0xaceC902442478132D279BeCb7640ec1C4f0ED88D,89.22,0,0,0
0x7e733eEd18b7Eec95850fA40B2a9C0F221e9e9e6,4.07,0,0,0
0xcA441bb651Cd8ba8d0a7a887a269627aC0fB0260,11.77,0,0,0
0x38F83a5a9EbC013256B3672759f647BA4998Bfb6,0,0,1.91,0
0xE3E5Ee44dc2Be5aa4eb853448E85884b1dfd77c1,0,0,1.69,0
0x011F87C7496192b71b3b7fd4aEDBB54b2C1E8c0e,2.82,0,0,0
0x4899c161BF167bd234e55CEF0810e38386E546BA,108.18,0,0,0
0x7b3c4F16639Ee908e895CF3855aFC14E1A95c10e,428.50,0,0,0
0xfcE9Cd5aF854Cf125D068B79D9207537e221C8D5,0,0,425.22,0
0x665D539421e7fca9A664a96e74AEbBA4c9302b13,0.41,0,0,0
0x91b26142cebd39da71aedc40b2335972FAAf525B,185.19,0,0,0
0xdeDB6eEfD94Aa8Aa6C5185390BDd7D2850833526,43.43,0,0,0
0x5e1d8f4bDD86A3a44C1F3358D68a251D6f71Bfc1,0,0,833.11,0
0xC5518DfB40870Fc5F08AB726Ff646Cb99a2F1Cc7,0,0,103.57,0
0x97693AdebCA36718E8A7BE8814C0c2c5c158e453,0.38,0,0,0
0x658BBB3B5c0b6a9805DF214Dc3791CFd3A3241aA,6.00,0,0,0
0xB9867aF43F1f86810086f62e0B53aDB2205DE59e,19.41,0,0,0
0x54BDc96ccfA875BA9f8CFbb203DE26A506aE49D5,0,0,12.00,0
0xBf433DB3CA8B5F29861ab387b9F36115Aa279b68,1.06,0,0,0
0x042b1A7aB3253320ED833E746126a92dEBCd3d50,0.42,0,0,0
0x4B1d0d4bae850579BD363e8755C88B3b23E12DBd,828.00,0,0,0
0x519600591F13C8162C535a555601E8a1fC0cCA9D,0,0,0.49,0
0x444B5d375D1EA488f6abE5BaB43b7791B6aA3456,0,0,21839.68,0
0x4424a8E9e804411ecee63f9e70D56D6199FC619e,1.40,0,0,0
0xfB292747E2f96B625a4AF9d118Abb875E3e0dfB3,0.07,0,0,0
0xE9543EF982fDeF8fd6cfC5916EB2bad9dc1B6830,1440.70,0,0,0
0xF5cfF098ea34Cb82A85E0348502b0A441C6E299B,0,0,4.25,0
0x17A79AAa35711d443270A6da67B6Dc6437b80122,0,0,2.69,0
0xA96ddF47Cb4F5FA5B8F019f14F48f5cD5edabC9A,13.75,0,0,0
0x2d0319DdD690A7B3d9cAfDA77f33F8D33060F01E,0,0,2.58,0
0x9Af088793C1E2Ae1a6A42cc35C8744c1dA9feaE5,0,0,7.66,0
0xB4D060d51D10c0f592Adc5A6311d35B7A4a2c401,1000.00,0,0,0
0xB6F70402E99CC5e413d8e70F99db27C8970C0A8D,2115.00,0,0,0
0xD411515FF4accF9beB48C357A767E1b04528CF2a,0,0,3.00,0
0x8Da4CD38e5072144145eD714D0fb7D6Ba9afc8A1,4.69,0,0,0
0xe623132162A3E0Cbde0EF66e3ddaCD580DC348eC,0,0,68.26,0
0x61Fd9AC01C35dcC4E13Bc24C27ADD9df546a1806,0,0,6.14,0
0xb8c37FC1380F33196Eb41b1ce998cccf5cc27E58,2781.51,0,0,0
0xeBE6fb6d2b98d421147dd1b19c571213673FE0a2,0,0,28.11,0
0x4dCe0f151DFDDb898D2609ab335A2b3E1F02b807,0.17,0,0,0
0x5405D76CA0d17dB3E4Ed16b155EE80152667403E,0,0,230.00,0
0x873d6C8a2cCF42774929263B90dc87f29a764783,0,0,344.00,0
0x69aF68B637B187092fB46916090961A43FC72e18,0,14.27,0,0
0xaD2DeA51B7B26dB1cb6f158EDeA4B9cA29945e83,0,0,500.00,0
0x99624D1EEF273191326063A643a4D1C32EFcB6C4,3.27,0,0,0
0x2407f25A8D42ceA240511Af9897Dc93EEe975333,2564.00,0,0,0
0x9c88B186193ee24BCCA4Bb1a021dEdd32e412196,3.08,0,0,0
0xe1186fC9FA3BaE2e93b0c029ce4C5380CFc1af27,52.98,0,0,0
0x74aE5a0E032AE76Ba06F6b6C67663f397acF2861,3000.00,0,0,0
0x92b9653C72c6b57fE01a4E232Cf6088DDF8e21a0,9.02,0,0,0
0xa52bd56Ed25E6a2E521807Ff581C8cab61996938,19.75,0,0,0
0xB26a9F9Bc64Ff9488A74a59934ae4Bad3cE2c1b4,15.63,0,0,0
0x5a0dF74d8180EE16747911613fF3227e5c8Fc921,0,0,2.19,0
0x1502f9970A4224B11D69D3bb4EFbe93D85FBa65e,24.55,0,0,0
0x90dB29D6c9D5900253F1aD4575064259871302De,0,0,0.19,0
0xAa6e5C089EeEEC0876cd7d5aB8880ddcC6a69ECd,24.16,0,0,0
0x563540608BD0DE13888421B2a1C5ee042C291584,0,0,36.39,0
0x50B01225164CCB5bE41Ed30A724f6d26DB4E3f11,2.79,0,0,0
0x00147fA1c1cdb3De350cB54fD650a9D38dFAfE56,0,0,67.00,0
0x05D1615BFB2316e6f3B80455a31bF6127108C289,0,0,14.34,0
0x7d2d2733DcC64C9f0D9f1D503eb5F61Dba706DA6,0.62,0,0,0
0x8D1109b066768bC127b4Da5b84a76d3AB7196248,0,0,16.00,0
0xA772E49f72B6051581cf3F3B591195364ae6D5F1,99.06,0,0,0
0x96f5726fF6FBfdd89D981DB8C254d79607881950,2.34,0,0,0
0x17E041F705B9B7A7f74538BF650C5F265F852b99,0,0,66475.00,0
0xf05CdbF8466B8e37Ae65e963D62256BdfE4f58Cb,0,0,145.50,0
0x7dbfA94EAc186B2101752c55D8A782BD23e8Acf8,6.46,0,0,0
0xc10321D10681a1E3f438Dd2220C82f42f1765090,0.48,0,0,0
0xBDcc7A64197b5443E160cdf63beE5E6fbdab3e34,28848.47,0,0,0
0xbE8A2c4B1d7223aB5c8F6A10DB07f4D8969B2b88,0,0,69.54,0
0x09be7eccAD0E9b8492BB8125421C9c67E7b5433f,0,0,69.62,0
0xDe759456C310c404b271EE65Dc1D6d358D925146,0,0,70.01,0
0xE655cE812031f5554A82E8B43f2dEcE4646CF28f,779.94,0,0,0
0x5913137b234704C537AbB2d0Dc0F398642A2Cc42,14.34,0,0,0
0x5e90f18D0221F838095486Fbbc81eD6dA4afC249,47.71,0,0,0
0x331730d093e1b667C0cb00D9114AAfE743C5f97A,6122.57,0,0,0
0x8750EAa1eD505D4490d9A9BBe8c9F35E14941A2e,0,0,9.65,0
0xfbbdf4Fe7d4a5Db81A83f36C8209Ce130818B842,6.79,0,0,0
0xB825a7C7683F64857Cd2363D8403F34Cf0ad30Fe,2.13,0,0,0
0xFB7E6bf1d2f388c950fB1A68E4dD133c581892fa,14.04,0,0,0
0x29dBa2518Ca261FE21654312e9aD837Efb29bD0b,0,7.10,0,0
0xd34aed921ab9561885E0e7dBBae637395C5486cD,12.84,0,0,0
0xbf98828FF08D11a9462200F42c89Ba4887ec914B,2.05,0,0,0
0xf18EBA39bA63D681De67AA5593e41e93029C753e,0.13,0,0,0
0x34b0beCAa9685d462eD48a182CC3787710230954,0.81,0,0,0
0xf5B1fe782249476f37edaf4b611E7bf2c7Bb81Dc,25000.00,0,0,0
0xB6A7CC34868374c078914D387666d3d1868343C2,0,0,11.50,0
0x40f37273246d8420eA428b79051629b70ea3759B,1.07,0,0,0
0x0eD70eeb45E1483C1738A66A0cd18cBD31FC9759,0,0,11.27,0
0x19AfC673C67E09035331AF427bB3d43935Dfc4bF,0,0,7.64,0
0xD41573C87D0004eEA781c72A797f0d6c016d1C7D,0,0,34.13,0
0xC5bf3eac10DbeFC4582B9d43c99665271b7Fa22b,150.00,0,0,0
0xebBC643C729797C8d3Fa89376DeF30E076f0Bdf8,27.55,0,0,0
0x5f2496Ab79c5Adf963f63e91846Ba808cdc1DbF5,892.21,0,0,0
0x4726D3b82660A51756174fc4cc7b48BCAc5bb7F5,0,0,33.00,0
0xe4385CB0Dfb1DFF8CB4AF2E88fec822d5997a195,0.98,0,0,0
0x0ef55ee851aF8488CDBc215dA799aCFFF9da0683,0,0,40.00,0
0x6616038a36743E3b44829BbC4B7fa643Ebb42574,4.00,0,0,0
0x8b80EeCB8Fea767A1a51B7fBdde4A27056ac0Bb6,0,0,0.37,0
0x5fd7E1BA00C0056B3c90dB043639513fEd7eE164,0,0,3.71,0
0x9B0Ea2F2FF3A44A29E0eA1fcA1531043E4BfED6B,0,0,0.97,0
0x9C93412D55B052E2e194929b33C34B32B1a14C88,8.72,0,0,0
0x17dCf7CE12fefc44eF92edde7b4bb5DE7641201A,0.28,0,0,0
0x6dBE26037C6d9b40Ac9C1faf08375Da4Ebaa1631,634.54,0,0,0
0x8aa33fCb56c7f11769c35b318a7435B7205cbbc2,0,0,1.11,0
0x1e5b1d18BeFF35953f411584440e66e83017a29D,0,0,426.29,0
0x8973A8Dcb9a09C55AdB5126222A9548965be33b1,69.04,0,0,0
0x12E74275b50179C79d24aCb00C08dA76150A4313,186.00,0,0,0
0xe22a55230eADbF2cC094eb9C298D50cD640A051c,26800.00,0,0,0
0x2e54a88A6c993a9775120A5BF553Ae47b9B2C8B7,3.00,0,0,0
0x5B8d60F289Ec8EF5fE67046DA4182041D8AA9D3f,0,0,7.81,0
0x98b2Ce2f5Fdd960C5f4AFa0DC3537841b4dA7842,39.24,0,0,0
0x95F2c3250609b25E13183f349042752ef6536bB3,0,1.16,0,0
0x2A0a18cF9aE6f87DE30bEdfA560153671E616362,0.47,0,0,0
0x07155fBc50D9f4Db122BebF71246973aAB92C748,0,0,54.83,0
0x8118855304ABE8EF049EAa2B59c28570cE5f3E36,1.40,0,0,0
0x18e265d506f9cd4323aE647843af0245D6cb4b41,4.29,0,0,0
0x93Ae229ed5f0f5F35867c3e68bd85e7778224a1D,184.66,0,0,0
0xc15D2C06A389F0945c74D442F76e7e0Cd0953103,0,0,1.24,0
0x55F10026eD74f37C91484352DEB0Edd1df2c66F0,0,0,69.31,0
0x4305699146557686D208236c26EF7B8dE39EC061,0,0,7.68,0
0x77E4ADDd56C0e471356Ce08567D3Df3D2D218396,1548.20,0,0,0
0xDc8620819dE911F62bcbB320397c36C701E28542,0,0,0,1.78
0xdEed8d68F02632C09E87238a1bC6781D57b1A4AD,11.71,0,0,0
0xc595b4fc8E19b81f44125e5E39b223E0863F9B7D,14.54,0,0,0
0x2D1D77d8458Ddf50f37A8a1dd22b3F0ea3Db240B,10.59,0,0,0
0xea75184AaD60CeE467473346682bCa9Cf5d7b314,0.48,0,0,0
0xBDB7D26De3c56032a534e810B859a976FEdc4CED,21.00,0,0,0
0x868215aaC87d1f43cAccd83C5aFa7567c8abafFA,0,0,43.76,0
0xDf37a525C1b7D5ADb243235eF5e0A150cABf9994,3.35,0,0,0
0x88Bd8b4C71E65098D5cE2037e84cAcB790e68554,192.65,0,0,0
0x0733Bd24479E9b1d630869D62603179aCBE7f85d,0.71,0,0,0
0x32f569885C0b858CF381336D073396176C99072a,1.21,0,0,0
0x8905530F1CF0E40F802383C81dFb38f6AD5e0BB6,2.97,0,0,0
0x25c8A1b40043ADEB2A1A284fD895549006F1497B,296.99,0,0,0
0xedAEca3dcF3A539A94931d9b5792618d4721710c,0,0,7.68,0
0x360dE1f2f65430e1f11d92D7E18B0534DD593cb8,3.11,0,0,0
0x3a07f81B3B4D22Ca58a0df170125808afe3F9941,2.00,0,0,0
0xD3332d266f955c2607e94b0011EB1765E8941001,2.11,0,0,0
0x7B8f513ffeEb8b2C896e5cbaAa6BeE15F7B03591,8.49,0,0,0
0x3a42d5F80838b32eaD00bEa22CdB8B01e0b7f502,288.00,0,0,0
0xb41C34018Fe2C4a67F54bdA74f9B68c5992C9ED0,13.92,0,0,0
0x7d4648430243fA037C95fC3fCe1Bb257570c7118,50.00,0,0,0
0xd30B2d485950E0715d3FD44f10ab3A1B923a3626,0,0,3.10,0
0x020da7a3D17c7ed80Ef88C90e32f27C4C040363c,4.25,0,0,0
0x4EaF24D8D30B3945123C52fC7c7a19FDfF9E4c97,882.82,0,0,0
0xFDbFef187eF4A15Eb17ff11a4f05E9DFC20dA46A,1668.61,0,0,0
0xf07Dc7cf05e7E11014407EE169713F14452Cc8C7,31.42,0,0,0
0xe04B32997a21Bfe34552c2121480f5B92Bebf05d,0,0,72.35,0
0x1d69bA8178430C84CE3fc00c6292f5530Fdd5501,3892.00,0,0,0
0x2E49d51D73dDFf517408affc57BBCfF797A4e7Af,252.83,0,0,0
0x712432A02EDE9ebBC1C52b6F4E02C0EA8546DAb7,0,0,48.90,0
0x352554F430Bf0FC92ba5d9FF98e0F311f9BBE038,0,0,10.00,0
0xf76D691362F377B412EbeD9a6f9348c263306736,182.32,0,0,0
0x60c62eba7f1a6646481F2B9ff08beAe89120F5d6,10000.00,0,0,0
0xF2Dd2B5c3996C53b70909a115443E62AC14F4e2E,40.82,0,0,0
0xEBAf5bbF0f2221530c18b774b9697ba6CDb31AaA,2064.00,0,0,0
0x1808d190841Ca9b2037bCc3037cAf51F62ADF9da,343.00,0,0,0
0x8267868F449A34236D1C17379553e1164683580e,0,0,3.18,0
0xb646c99Fe1a7787319DCED64629440Bb6316b1D5,76.16,0,0,0
0x5Dc670Bd785bbE669B5db7e083fA7c925059E0aa,11.93,0,0,0
0x159e5B61982C0068AaD564F85B18e40653ab6576,0,0,4.46,0
0x74221140f92a55542E5b6e67cd5E9e46D6a5b8A7,2756.90,0,0,0
0x85688B70B24F190DeBF34D09567E89Fa51e93398,1.73,0,0,0
0xDEa0F0e62c76BB27dDEC1FcDF2BF946dC0901fDe,6.38,0,0,0
0x4Df692BEC57091159aA270dB3543EF5f7813aBA7,0.83,0,0,0
0x61e5cB04CEcA6AD0D8C7094E87B1A9dF71356157,3.64,0,0,0
0x829DAD031c64565Bb2693E09838843ec84878831,4.00,0,0,0
0xA94c697B5B616C630F11EBfa486Be048dAd6f476,62.54,0,0,0
0x27e37e724f3D7D84eABAFD7B4e6feE00A0e58FC6,0.60,0,0,0
0x0e53e8D79C8aE99173eC4C0Eae8ef719c330B7E3,8.87,0,0,0
0x1d444924c72f5CBb41A9CBC0A1D6Bf0a39b666EA,2526.00,0,0,0
0x804191f5F13e949bB58491ccf8eE037334211E91,0,0,0.72,0
0x49De1874Cab649AFCe6c528294aE0C3b6AC38803,67.28,0,0,0
0x18a663015c6ad10B6ba3b03C579768c9af91Bfb8,0.55,0,0,0
0x1BccA17aAf9A062Bb0951BdeD17DC56bd397CCb2,0,0,1.26,0
0xAaF5F75aD68054DE111372CE259840c003709761,52.00,0,0,0
0xb652BdcF85151fD217805CDf24D98BD89f0F6d07,0,0,45.75,0
0xEFc0A274Fbe5E370877D0b0eeF0FbEFDd59e39c4,0,0,0.19,0
0x16dDCEFBc6676063097cCE6bE15C2eed2C27F24C,1.72,0,0,0
0x99840a0e6eb061d45CF43D1C17FF57d354898950,1.03,0,0,0
0x5267102E95054Db96f343027bCBbecCF853699A3,8900.73,0,0,0
0x4C13c3D553B141f23addDEf9379026aD36F28F43,0,0,241.17,0
0xAb474Cf13834dC1e1947BF26f0082973E1220DeD,197.68,0,0,0
0x0f5874AdcA38440281D1217159570f7a7c00D1eA,2.00,0,0,0
0x4C99650f2891104624438ffd3b02947410E022Ef,110.00,0,0,0
0x35C855Ba430d2740fD870607f16594082a834f5E,0.37,0,0,0
0xF958B435549126024F41ACB05b6a356da7acEC53,113.58,0,0,0
0xD0497C6df298c4F358b1f95280a5018032D51c35,0,0,346.00,0
0x9B0747510AC2BF98c3dffF00f5C1ac559ffa3Fcc,0,0,0.57,0
0x1f87CAfFb0a38c6300e089094C308081598D2D7E,3348.57,0,0,0
0xD5351D2893F0FF1B6c8055f3E6cb588e5e1A012d,0,0,21.94,0
0x56360F479cFA69145184A73f64023b04C631E68a,9.08,0,0,0
0xe01dF1dE9f650BdeE4E97DD1E6ad464B03E74809,5.44,0,0,0
0x7C15c039fd286Bd862Fd8D73D521939276e72A5D,60.00,0,0,0
0x5f018A205418C056D414CA3BeC7F0dCf62Bca41f,0,0,8.00,0
0x7A5f6edb46e0b737BCe304E10232D5a938C9DB30,0,0,2500.00,0
0xa3fEB647c78597f455BC6Efb2647cF179eb06F0D,0,0,191.00,0
0x0459D7652FB686254CE70B725870C6A297C796aF,4.00,0,0,0
0xC1303Fe2af6d30b88dcc2594EE910B0307118B8f,6000.00,0,0,0
0xceb7D7555324ad65682a1e6297fcd8DeBA388878,0,0,400.00,0
0x2ba3675f979854977c75fe4055E5e68309949f8C,21.00,0,0,0
0xe4bBFEf499b57a432EB6d00DEEF11c7991DD4059,0,0,3.58,0
0x777948AeeF9Fa15076aeBd2EBf7Dc152DBe44F4A,0,0,0.25,0
0xDF54d73eeCB8841c7ec672EbF1B04f89aFeF587F,118.92,0,0,0
0xB6b17AD31bC3948638b42E7F8bf999182b329094,3.77,0,0,0
0x01609d746472FdD82AB137fecEd82F2F378030A2,16.34,0,0,0
0xaF2FabC218d069E058283B72CafE16676ebA2ab2,0,0,0.00,0
0x6eDB38Fd5623731918FF0aB6b1a01647D1c501D6,62.51,0,0,0
0xb429EdB5dc8ACeC18F42ffB1d1ADCd4A9609d157,0,0,38.83,0
0x6B091653b2E007Ef1b0f21c1c4d5e08B4e384524,1.23,0,0,0
0x8f09056BF422e050CE011DAf4e4d9B1747cA72e9,6.40,0,0,0
0x5a19610327b4428e12fE92Bbe7B62c83E808b850,0,0,3.90,0
0xFFFa070d5149faC19067ef7d6Ccc9149EC11DE94,69.62,0,0,0
0x7454F9b6F1A0eb1fF2F369dfC48C988914E7bd33,27.00,0,0,0
0xC46a68DaB336458851C8e00471B64CcE1c71885d,0,0,0.59,0
0xd106Bf0b02076E5D1a2592C86C073692f8E21B11,1.24,0,0,0
0xfb34cF0a9EC78f5dA4Fb4f04Bdb7D970Aa193413,10.37,0,0,0
0x071EaB04f63Aa5c61caB1D7D4dF04Cf41884235c,0,0,16.86,0
0xa3E9CF7B8A72D4e88Bb79B7b0833D8565c8a313F,125.26,0,0,0
0xf2D1F59FC47f31ee3C6f4eC66E230045Ff8f2d38,5.26,0,0,0
0x650d27B871c2fa4481A6459033f41ebDea30B26F,34.50,0,0,0
0x435ECA0B2Bdf756BC0560b5B845C7385D473284B,6.00,0,0,0
0x1F6aF83a93d3774189B3E7Daf0C418Cb6AdeB101,20.00,0,0,0
0xbD2f58ce27A4852E5e6e8e21df59cC7BDA092Bf4,0,0.11,0,0
0x90406a56F2041cC19e03D89d640ae579968F2b38,23018.53,0,0,0
0x215fe2fFC9817c70934c65D0fE47928570C642eB,3.41,0,0,0
0x32c37dFB62C51896383DF04212889C4a01bBDc6A,7.14,0,0,0
0x6E8ac854237dAeB4A058862014666262746a9959,464.59,0,0,0
0x03bB74C32aCb025EFFab4d31E579D3751363C216,1028.92,0,0,0
0x24d7c06CA8847bDA694A401d7240C8bCe15943ae,4.00,0,0,0
0x8d5021f1D6c396099cd02644663Da888Dcb30424,0,0,2.16,0
0x8e60a82d0d397D3d506529954044320a3584556B,0,0,1.00,0
0xbccaCD48E9dDa780aEadCf41F577FAC2D51F4154,3.57,0,0,0
0x013A6139339D527B0550dE2ce25ec8B4a3266578,2.51,0,0,0
0x964AB2965ec615f15503C54fd1c9021F3ce4545A,10.00,0,0,0
0xA8b5B6102dbb883342122b0E5A10489B379676C1,0,0,54.80,0
0x6bBdF916761822af2c113265bFEDde5738f8E23D,43.00,0,0,0
0x4cAD4DCfBcD91Ec518023ac6d4511A86fd7B9dEc,2.87,0,0,0
0x864D403a3232404D29A5EbE1aC9a1bbB9a03aE52,10385.00,0,0,0
0x6bdd6266968Ce19cEBc0cE79Ff29B8af4472fDde,6.38,0,0,0
0x6B7FC06070eA0564a955538cf314c7a18a91C892,1.00,0,0,0
0x9B3D0F4f7Ee30815Aeae9FEB92A64bAe5Da37Aba,0.39,0,0,0
0x93efA5a101b3eaBcfA7fB7E080913d1d789DCd65,0,0,167.00,0
0xd46e22b8c879D6F8bAf86Dc48D3f7aEb010b6C5E,139.47,0,0,0
0xb9510C8299e9d2EFC2193bcF0E37B6D86F749867,4.39,0,0,0
0xDb76cF2db9dA2f4E79FEDfEcA86F645C2b82E297,69.53,0,0,0
0x1bEe6Dcae05aA3A26bA872AdfAaF644a9c274920,4.65,0,0,0
0xC7A57De98bBC9B1A82ae695031754974CA2c9388,0,0,177.95,0
0x15Efaf57a62f00ceeaD678e7aa6D033569A9a3A6,16.95,0,0,0
0x39f2cAddEE92DD59B7566689c141A26783c2037F,182.00,0,0,0
0x220D42bd5738f94C98798dDcd0122fCFF4387155,0.11,0,0,0
0x81D1DbF51f448bc7778D018BBB4A198FB09bD00d,2.34,0,0,0
0xcD2003B266c362aceD7Bb80A74c389723Fb7f980,0,892.00,0,0
0xe2080Ae5c884DB3db6c8D8CA11439A599375C7DD,0,0,5250.00,0
0xd50Ce11f9960223F9f850B33b6371aFBcA9ECC17,0.92,0,0,0
0x1A3b53d9B91B99F20E1b6e4C3E6Ce12e24659934,0.92,0,0,0
0x138a06b25a6072a4fF3895BF59306DCf5529CfF8,19.00,0,0,0
0x364Eac4Ea741b36D3Ae79904E437f1Fa03Cc6800,6.04,0,0,0
0x86D14F191f5AD939568fB001C06fD7A933a42fC8,6.48,0,0,0
0xBd43D7CB20c6270B6a1Ce9824Ae3BBCf4B8a5d14,1208.64,0,0,0
0x9436E2E02D4284E3c577B3EF45c572369Fb9B2A2,0,0,18.05,0
0x551C2DBD1BE11EC234295a495e960Bc4c634381c,11.23,0,0,0
0x26547293b50e203F97d04751035F8B0Be843C6E2,1310.00,0,0,0
0xbc4851874bc686E1f689FC34F67222d737cE2332,0.51,0,0,0
0x7022CC45eC4A6C586b5381dBbfBD814B6A1F7e72,33.91,0,0,0
0x6b230224A77cf5Bd9fb1FD9752F80EE947d9Abd9,251.20,0,0,0
0x639644b3429ff616af46BAcbE057104ed330b340,12.95,0,0,0
0x1dB9106c9cE7c05Ab9BDCdb410F527bFFEE5D14A,27.96,0,0,0
0x6335658AbA3B0B75d3D7b235447EDc875C73a8e0,1.00,0,0,0
0x12403d44880591e40a3cB1493d59891F393675d6,1.99,0,0,0
0xcc31A97d544E84AFAF6418CFE24a2003A8c35382,1.00,0,0,0
0x172133F746EA0313333108eBDF6C871Af100FF9f,4.11,0,0,0
0x65EBfB4F140151096C76b885bB7B06E9d586629e,129.41,0,0,0
0xFbD98019D07a957B7713e51b5E3f3b781850d8C4,0,0,2.62,0
0xe19fdD3E037C78d0f23eAe70A70C3Fe53706Daa9,0,0,2.24,0
0x47BaA2B0a91921EFaAa7c57c7713b1aa8dae3B84,0.01,0,0,0
0xB4Ed1A39491C83219764152E4DC68944d5547947,4925.06,0,0,0
0x008857063B843671A1C1d65B71072A5ac4B4e6b6,0,0,27.74,0
0x86eB0222AA754F8cffe898230416eaE70Cc6a9f5,14.31,0,0,0
0x32E3a79465BD1DfeB34bBBAD5E4690075e31B8FD,1.98,0,0,0
0x660024E874A21051AeD156195700C6BD30C708F2,0,0,0,0
0xE3331bBb2317696bE36B039697D71d6B597beDa5,0,0,43.51,0
0xB716C304B0bdcA073a7235dfa3538b2D1aeBBd8F,6057.59,0,0,0
0xA203874904bB1a13AE7371f9Fea7C9319C5Bff89,0,0,166.35,0
0x7903E2B1069358EFc1D1bCa07A118183f4d7C875,8346.81,0,0,0
0x5184F22115396EeF36Be250C5434856d940115B5,0,0,8119.22,0
0xDab0F42ec317ed72AA9F3b30a356c3F94290c7D3,0,0,138.72,0
0x8f28e9d3eC5934b0bBC216757EEc92a6d8E3606e,32.98,0,0,0
0x2841dc2707482Edef13227eB39Af934f1DDABcfa,15.95,0,0,0
0xd28424E9c65F8496456a2387556e621e9Bb066Af,500.00,0,0,0
0x35C61F6Ca474aa18d46738117395634A31555624,29.16,0,0,0
0xEdCf6736e1e7254AD984AD7BEe9C7BC20aaAb91C,0,0,13.49,0
0x04F5c2d2bd3962D31A424197Fd685096DBeC90A3,0,0,0,0
0x2E5738F07A6ddd63d50A59345B166554FDE5CE8D,150.00,0,0,0
0x4b6a8A6893382f5dBE98FA8283E3d97f92568be6,1.30,0,0,0
0x58148Ae50Ef644cF211334e017299c3c2c60d5E6,0,0,872.16,0
0x243Cb8155aBa07fe7d7496f46277Bb3552A9E882,0.14,0,0,0
0x4e6b2E98A12d258fe19Ad8Dc51063523e3f8e392,156.00,0,0,0
0x9D66a3324C08B70F1863f57FD7c9F3E2c3bd9DA6,21.53,0,0,0
0x6d36E4966De1f0Be34DaCDD698697c6a41cEE513,13.86,0,0,0
0x27233031ED16bEB2224e674fEC1732553F151F9B,1.68,0,0,0
0xdc7c3f303DD77198c8B534C4CBA000Bc485C8DFd,8290.20,0,0,0
0xeba32f5b372EF5795f41627B25E12eD405cFf4C5,15000.00,0,0,0
0x915544379f2933136C3655CBB1E6062fcFf3a512,602.00,0,0,0
0x7caD189cE5e2a21D8c90405Fe7413419d21eB0f4,708.52,0,0,0
0xB9A7dA7a5225988Ca86898074E5C3eC8729b2928,21.32,0,0,0
0x9D2B24Fee7bc8EB2F6D002195B94CEF3c2C2eE8a,0,0,4.70,0
0x9A50c195076BD6f860B38B4CB432F08bB4112636,0,0,5291.05,0
0xeaf41e85A9804c74b332FAD07f7e0cac53085345,38.27,0,0,0
0xF783a78eF5CfFae3e0176FD4A475BBA7c27687F7,0,0,821.71,0
0x9A273C15119BE84e3A247347b2aC124712E5F095,1.57,0,0,0
0x2626437630eCA36C2e073A5A42b3DD644E54119A,0,0,8.55,0
0x57d887bDcEB244F4d8cDF53E33F1482093A4a409,0,0,0.30,0
0x45612E19D10df6d12b703D73deB84dFC2B428581,0,0,0,350.93
0x394Cef682E612B590a1Dbe539eCCa027cF825770,2.07,0,0,0
0x96bd77C24aecD6920DFaE0b33E4bA607eF1A03BD,63.09,0,0,0
0x285351DC7737220e12c8DcF68854Db9A240b62e2,31.27,0,0,0
0x4176e4A8B1fA998DA1F18440A312d434F8BF1A5f,1.72,0,0,0
0x1f43223CB666F155d49c63dCA4945EF7Ea617097,0,0,9.25,0
0xB82d5544Eb467Cf2FbbcC3882b0a4847B5fBc8e9,0,0,3.39,0
0x5596C38dFec760C0C397F60E6e481Df92Ffa2DbF,0.18,0,0,0
0x4c7C65774603Bd16E1f8bb8253D49Ab1955D0169,1248.60,0,0,0
0x755a03f097af20A63564dFD3767277D987B0517b,1.55,0,0,0
0xCe120810F9878fe5b1C4CC6B9423df8A0e603d1e,1.82,0,0,0
0x79f611492C5E3cA12dfE7a97763dbFa485a36190,13.03,0,0,0
0x07207bC9b2BDB65D632a2C506E3e3de6ee1C8814,21.26,0,0,0
0x526fa3Efbc8FEa3515121102e627dFceEcF041A9,0,0,10.48,0
0x2c2EEeFb2201bE2179B089e0d4077DDc3066242C,5.08,0,0,0
0xdcE98135Dec16d80C1F92CDE9eeA82f9794e2bC5,0.06,0,0,0
0x2654A072a34eF7b4C883E9E87486161Df0A5B410,76.52,0,0,0
0x82D764cc1f7Ea24969B1B13BA07EBA40F34472a1,0.71,0,0,0
0xcC15a0d3a10114B3454E7E4c8e093847caeF0b4f,0.29,0,0,0
0x6552D79B3b7f7C065F12922D62f97C4dC4C86Ec2,5324.50,0,0,0
0x6715713D9713eC3DbC59a4054930E16eC12f581e,0.07,0,0,0
0x35c10116BF2221bF3c1814cb6c69d819f79DD2D2,104.07,0,0,0
0xC46855F11D44dcFe4de1A612188EF3A3a78CC744,0,0,3.26,0
0x4d3C1c2d507Fe2701FEBf0133641AA3F3a37266a,9212.00,0,0,0
0x5c69C3f6cD3A309C21922E4a06204fFF6b500512,0.56,0,0,0
0xb4FF5D83F02CCCcf2AF48644678e52C0585a7E2C,0,0,2.81,0
0x5B652da738DA9Cc766D4de3d6de156A97404C3D0,0,0,567.31,0
0xeb7306C6049192F2675745a22ebc1D6c1192c8C9,0,0,196.00,0
0x0de43dD839E4458Ee05b3Af18e24194ce4a89E2A,0,0,500.00,0
0xb7d3c98862C21093300b7950894C974F47995ab2,0,0,35.97,0
0x0FA4a6208385735a59836Ea06c135E9CF4652B5D,77.36,0,0,0
0x9D78D8F4E9bD9fC2b7779F99853147B9d51999d7,13.53,0,0,0
0xd68A3998ccA275008CD95b410FB1Cde9Df0494eD,0.97,0,0,0
0xBbfcFAD8730f26fF70712FB9758aFE5cF2100ed3,0,0,1.00,0
0x04159156935a11B657DED037434229dEe99f1955,9.45,0,0,0
0xf2556c0a119D01A25D1d22835C88EdA4bCC7Ae98,0,0,3.00,0
0x0D3b275cA641196CADEFAa64d355e6be2bDd622D,0.02,0,0,0
0x4f4A804cE033cD44Fb167f54bf1825020E61179C,4.62,0,0,0
0xf9317b4ead73388495628b22E9Ac4E8DbAEB9e56,149.00,0,0,0
0x12482d83BC2A165d6340fe6F64eFc7c4EBf7d22D,9.09,0,0,0
0xC56681c2dE452b1B8DCd2Ded2edae21AcC13e252,659.36,0,0,0
0xC8cEd9aC08bBfE98367F0c83fC87c7a8Da93c5c2,0,0,1631.44,0
0x1018Ba3c94cE5672cD888e8381E9EC2E1656d114,0.20,0,0,0
0x922EBA379b18646fdB4D7D01f441B0Fe6F722d3B,0.01,0,0,0
0x81F92B33953673d98e6dBFA0c506f02b33aa48bA,2.39,0,0,0
0x08f0722EbfA9e75F569c51bd10222d1f676E9A21,3.48,0,0,0
0xDD0F9e374435E5bBDeE5dD6A80659B7468F78C22,0.68,0,0,0
0xeC4962280F95C3F587487Daa2221459017A5072A,0,0,11.63,0
0x3dE68af0E335Fb5A842f378E958eD34D63f61721,0,0,5.72,0
0xf423854DA9EA4575E6C8a8147f349F9C222773cB,0,0,6.00,0
0xc0D14226f4a420F201cedE542b826D49f5D92E3C,24.80,0,0,0
0x56E6126eC1148d1bd65e943d9244Be9789934Ab0,8.63,0,0,0
0xCc4004Ae633397aD50e3BDEcB5b51025cD22dF6b,0,0,13193.43,0
0xa19349E9aA1EdD1Cc97cfB0d9b0eca9a86AC3BD9,6.52,0,0,0
0x2AB1B38FBa4a573f81cCa17294F06A9F3c754560,383.79,0,0,0
0xd7F91821367d42e37786D55C35cD0C9De2e0051E,0,0,600.00,0
0xbb2b37d9aa7947cE7d6F51380Ed391649D61e28A,4.45,0,0,0
0xb06F39414b6a9Aefbe9Be28D71d96164a5C60A65,30016.65,0,0,0
0x3F7FDAEC9BcE9dF5e09da9D1B021c7E528CFc165,1.56,0,0,0
0x6aE79F9942CFf4D4473C96031f710D42a2A3ef12,59.47,0,0,0
0xA5ae7A7f717FBFCbE5fC69bA820A708a17cA7A22,3.91,0,0,0
0x32D9d61cA9c96D4d1bC2D5BaD4a58301795aCd0C,44.86,0,0,0
0xa4887Bb2bCbd4286b1D001e75f846DD8Bb77b4e5,0,0,0,0
0x39D8475b255B349d3649d24d10936A492777c640,0.12,0,0,0
0xe26F4c2273Ce0175C6Ea69704f92AdBff6CD7a86,10.44,0,0,0
0x73f5b76B1f93f619Fd546cC561EdFE6AA1b5BD92,30438.50,0,0,0
0x512a0FBB27921DcdD0C487883067856a7095c46c,0,0,2.01,0
0x4F8C755A60e67DAb21Af8f70e9fEEB734f5032CF,0,0,39.45,0
0x1F1c3A859989c8DE9f6cB6C272c76286D4a8a954,0.03,0,0,0
0x568D54d60c5Db0bb288559bedaA2cEc235Dff705,0.16,0,0,0
0xCb72E6Ca17eE758F883d7113F6584D01E975eA9E,0,0,0.00,0
0x7a1eC66932d9E37F1b404dD3f4d131c7a09682Be,5.99,0,0,0
0xdeFC613b7b0dD421C53E51EFE3cA3e61555225b6,3.00,0,0,0
0x9Bd8d594fa35Dc065cb47134cC8DD6D54Db366a2,1.30,0,0,0
0x7C9D91f7332f77811b7e005AD04B9A08d737FBA8,1130.63,0,0,0
0x9B91E4D59A9C313853DeBD67a8cBf15f00fee337,1.03,0,0,0
0xF76c126c852377f9836e27233673fACFf38F5F0E,13.09,0,0,0
0x9355c471d2E56eE0bE1bC81Ca3a5131536AF4c7b,0.36,0,0,0
0xd2bcec1513b56047B962CE4f8aC59469105ae438,2.47,0,0,0
0xb017e1AAcC8f1C83a8d876A5996fcE87B8104548,0.69,0,0,0
0xC54ef1051076fAcC607bf78d1ceE77F2a14D2BAf,1.63,0,0,0
0x0a2d3Dd46E44AcEC0DA085268502880bB384bCC0,157.43,0,0,0
0x87c85A20052A49B55C50cAA0254524877132A295,851.99,0,0,0
0xf2bcBB1F79C568B7D379e893F1816420ed72D473,0,0,0,0
0xeae6D596e0307eC0f2AdeD1063F4312e2c305dbc,2.00,0,0,0
0x1B90D278FB624762C471F387E7B013D7af89a329,0,0,0.61,0
0x508db970766C8738C19d9d748aEA4eB4a492CCA7,65.77,0,0,0
0x4042ed9d0a0EDB6CE1E62bB97B548B88Ed73e022,0.03,0,0,0
0x5173EDD0E6b481eACeab41f3CEb0eBD1fC431fc7,0,0,0.41,0
0x60d3a188d4c3514ed6001280eA2a75437aFb488f,0,0,31609.88,0
0xF11a3dad3706c1c25FC8DE8bD90F31aF9aa765E3,2.00,0,0,0
0xB9e9ffA8993b71850C2c32Cd02150fCbeD89C248,2.51,0,0,0
0x52af6f1Ec402977F2Cb74118713B64721788B6bF,7.27,0,0,0
0xf6AEDad0D2760Df19B2090eF56349647C4B5D61B,0.08,0,0,0
0x891b4D17f20F851ca039927653A46Cde2e558AaF,0.46,0,0,0
0x9Af4C2D232434159F5521EB35687367B01d97f55,1.82,0,0,0
0x92CA321bDBEe0F74c0316CbAfB6de2e3D0D65dCA,0,0,1.75,0
0x78D0C84004dFB5988652A1ad939741c07D92D343,3.44,0,0,0
0x1B85A69c2638a7D140CA2274D98d3fAff124Fb83,96.49,0,0,0
0x2F5Ffe94BC97554a27Ed8858D4c0e000BD5eD2c5,0,0,0.92,0
0x756B17468F9E5aE4BAC18bbD50cE08f9CEDFd7d0,4.19,0,0,0
0xF3c0C4De5fD6523Afe7c61E5c233d45ADDA3A51e,0,0,0.67,0
0xb139D467993AA119711a527F492CCEa9A4e53Cb2,0.99,0,0,0
0x1A437baB610A4F984cbB9E32d2DF9763a9382E3E,0,0,4.58,0
0x822a89373775B09F6C49E638d727C5D979cFe79a,0.92,0,0,0
0xe667027b2523441F7274796430FC899d8B3fA6aD,87.77,0,0,0
0xEc943D84e658f3972a35E62558702C2d7c74290d,0,0,5002.28,0
0x4D80a8fDfa078f89AD4e872091ADfc4ffddBbf25,1.78,0,0,0
0xE3738B77e56B4614152a236264150d8E5b6C4cEe,0.96,0,0,0
0xAD9DD87d26e3454f6ab98ad1cCC768aE27A25C6E,127.00,0,0,0
0x65a954E5E8Df2b24183fe8F93235Bbc4CEb1B854,0,0,2.60,0
0x1322CbaeCa39C4Be008D93bb6B5D4E27638680c6,84.48,0,0,0
0x5267047baa955666241A1Bd3783B1A5Ef071b227,0.86,0,0,0
0x7866c901EC8ea1DFBBcdD760bB527603F7a61358,0,0,4.00,0
0x7E9DAdd8EAdAF80F5572ee216B126c37f07C1c76,500.00,0,0,0
0x5c247851B355f7F56e107B12f44a5cE1eb860Cf6,0,0,1.37,0
0x97fD87CC32eD4CcEe07b17E1159e9acA85b223AB,284.75,0,0,0
0x14B0eBDA412E08eF98A86fEC3d5B719680f7E133,0.37,0,0,0
0x9D4bb45159646662890187b8D4ca8419dc771c69,1.02,0,0,0
0x18DA4650b8253c8DFB0f0a769d01B0061A251b3e,0,0,0.30,0
0x013E99b2ff1FF1075Da5D38e8A53F0426D3375d9,0,0,0.03,0
0x01522d1d9e5Ec488FF768A6310A13Ce682ccbFF8,0,0,1.49,0
0xDeCE51247fecd85081EAA8679f717B3a75184D9d,2.12,0,0,0
0x6051d00f5Da498fd9648d61f35B2fF979fF93f46,10.00,0,0,0
0xDb15a1D5ed28CA4F81EA3D39f2BF84E9ec54760B,0,10.00,0,0
0x4150Ee51fA225DaB0E25128FAc02B87Ad42D3f63,177.05,0,0,0
0x33A4bf83D986300879F67735a8B0844bBC7218d3,0.03,0,0,0
0x765df6eeF094dd34C79aEd8BB03C65EcCf4A6C72,0.65,0,0,0
0x296eEbD53f7bF8d131B7dcf345BEc86e23B4a758,0.05,0,0,0
0xA23c694ac003c44BaB30431Df8f0aB68A75B8374,0,0,1.36,0
0x1b99fA089040Ae67C881E144f3864a3DEF4D001C,0.40,0,0,0
0x0A906fCf808bB02713bF962DF334ac4A932560cf,1.83,0,0,0
0xf5C0433f9280Bc0cE8fFd93d5824142d50cC777A,0,5.70,0,0
0x6F6875b2cD168fE7f874db3F27D47DDEA04e2a12,5000.00,0,0,0
0x5852918c341758267e58eA7c1c1EE1EaBF3D780d,0,0,1.23,0
0x798cEc08B5C4DDF4c9E9447eAdf2255Cc5378D86,355.66,0,0,0
0x564eb2aF40cfCd1808Fa267825801fAa3D96f4A4,0,0,0.19,0
0x65A8572418eFF6e733fB4aC701729Fe6752A25a0,11336.00,0,0,0
0x532DD7C2062D3c9f0FcB54Ee5225B3Fb7c3Bec41,0,0,676.06,0
0x6303735B6C81A0BF7bd16eeCfb29a1ba5A4ff697,0,0,1.01,0
0xCeE8E497F671f618F05aE66e208302743848B5AD,0,0,223.11,0
0x6Fc4caa6F7dB3f4E6547D35b37E0db2e336d7e39,1.40,0,0,0
0x0A8Fb50782e22A2bc7a2046a93d8454bD91F94f0,0,0,0.70,0
0x0a663894E5B6ed07076643407e0b7fcC263B2C7E,0,0,0.67,0
0x61ab759daB89b3fba41A758B0A7de9E4470F1ca4,1.02,0,0,0
0xEEcbD0327dC12a469f19113932D840cE4841b8A3,855.19,0,0,0
0xE3DD29F2481df3e715F9606a5179cAe4833682B4,0.00,0,0,0
0x3fb62a143311dbFA3F937e4aB83004e854d9Ead6,66682.41,0,0,0
0x394CC01b1E18497ECE28D3b5567767eC72ae713c,319.60,0,0,0
0xB108f1B1aAEF8bFf2d2BcE5469631b9d250e44B7,0.14,0,0,0
0xBd595Eb131d6DC837B1bfA68FE0a334c6B38EE63,3.42,0,0,0
0x8Da69627050a4AFc00df5d11445F8C415838F3C0,18.50,0,0,0
0xc268E1c5bDbD908e75b3712FB96AfF7AFacb4204,0,0,0,0
0x6B2Ed726095c1ef324d4294446b209E489964D8F,75000.00,0,0,0
0xC7B2ECFdAEde8593B370F54cB8aCE39aD42f21dd,0.41,0,0,0
0x9BD48e08E3444B30113812acd52458b35C33803A,0.45,0,0,0
0xd227D502347f2c2DB90101CF20E29450cBfC4F92,0,0,0.00,0
0x37b1dD13f55296b86D50726A489614B9688a7a69,82.33,0,0,0
0x533be7f12F28641615451D610163F30A974aC1eC,0,0,13120.05,0
0x6Af955a8E10f103d88067B13DC9eFe852927AF44,0,0,47309.75,0
0x1e0C7aa366Def637e81E826C93822027275692Dd,0,0,0.03,0
0xd940c1D5435f2654257833551ffcC591272bf19F,258.79,0,0,0
0x3D2Bf53472543C04C182caeC8D610d2171daEF1e,88385.88,0,0,0
0x66Fe3bB81b66C31723B9bf968A51dc9e227d7789,0,0,20.70,0
0x6438760c977587bC0645CF1f68f9F83A0D1d61Cf,0.46,0,0,0
0x0636B47164ea3099C6FC39c52A3f4b7B7Ecaa03B,250.00,0,0,0
0xBaBb9400C68c1B821CE150b6Ad578a0eA932747C,0,0,100000.00,0
0xB62f7221330F11085B16e1F479c0990FF5E9A661,147.02,0,0,0
0xF0e94234e2D98694A63533BBAa28FDe81001580c,3.72,0,0,0
0xc6301440690eA42068be8B8B7a3183C9666B5650,421.44,0,0,0
0xB74CE0720107A7C5a86158b231EEF4E2742Cfe95,2000.00,0,0,0
0x448dBddb17139cF4276698D9310a5251DC512A8d,1000.00,0,0,0
0x0898f06cc6Bd9b997E3c149D9A4F7d6f68D818bC,4016.00,0,0,0
0xCD9E513FaC21D9AAA902Bfd6d3C73b3B95F63eaA,22.00,0,0,0
0x3b22D08a1EDEEBAc7E5e24bCc7a63bf58A6Dbe59,107.02,0,0,0
0x869005560e83d9CF6C87C1CA4fbCFfbC5c8F6c5b,202.20,0,0,0
0x44e9755962c393F81EC074bb1b41e6e27429f6D5,10.00,0,0,0
0x8F270d59325c731869a3aF7D96B3ec2eE5aebDbf,0,0,17259.63,0
0x5599Fc364aa35D20EF2b70b223c01c85F7A3d7f7,2.28,0,0,0
0x4c6373A7B75D1B1F5D584B552557D99AaC0fb2F2,5.00,0,0,0
0x33D581419F8452824C09501bFe1E095e1d2ed0ae,5.00,0,0,0
0x4D99a80867C83C919cF59d4beda4c6F3359DddA7,0,0.14,0,0
0xe240eFaE8A2C7EeF57095Be8b0871B147FD4B22E,45.30,0,0,0
0xF3814620BDcBC9c09f2725ee0e20042289F44CE9,0.16,0,0,0
0x71a0ee5c94edE92bb3b09cF0eB4c4c7ff32cd4F6,1600.00,0,0,0
0x84d0A6DFE83dDb8D3d91aB1C915176E22bc2C0f3,0,0,2.97,0
0x4c4290552639BdD247956Dc58A5b53c80A97e1b7,43.70,0,0,0
0x67180cEB93Bc144aC0b42419735C631B8C5836FE,1500.00,0,0,0
0x25628571affE5E2E7C599D4Ed0412e8BD94F85fe,1156.67,0,0,0
0xBb415CC6b12250ADbb6ccAf0F1b6b1A75fC8632f,0,0,142.77,0
0xF928ab16B05376e07e6a7C57769b994973D68967,208.26,0,0,0
0xeCac26Ebdc3beDa07697223bc6A1Ff49197F1B52,400.00,0,0,0
0xE67989dBd551f43451e22F66eBD653E525Cbd775,203.00,0,0,0
0x73fEA07af0Fc305BeeF70F4EA0F5F7AF33C3C15d,10.08,0,0,0
0x8B3D4EE133Bb2aA868129484C62cc0B2C78Be560,50000.00,0,0,0
0x5cd66eFA6A6a885BD70edCB3f36bEd1102c2D5be,814.44,0,0,0
0x89baa0171Fe50Bb10b48b31BD90960128B607271,529.18,0,0,0
0x7Ab6067D920F1b3c7C624CD812E8315CD1b91aF3,10496.00,0,0,0
0xE46A20C8F111253063E1D1AC5Da9cf34DcFbd48b,23007.00,0,0,0
0xB192E8089d6F99898dB8D64c0059fBEd9f5A75a2,241.50,0,0,0
0xfe7C117cbFB6ddbbf164a073aBe71de1D84E5E03,47.95,0,0,0
0x9cbb12029B0510961b9D5c5693Ce57F86A647aFE,1.35,0,0,0
0x66b844184b194Eeb027745e6AD0A7482092D5a1E,793.00,0,0,0
0x51E11A095e3eb8473d6Dba8B02979Ed39B27737F,4938.00,0,0,0
0x936096Ac31D4C0D439910881E01E12168Ea858fc,5418.00,0,0,0
0x0545B83060dA955101014ce7FD469C20e1de685e,13000.00,0,0,0
0x748cBA18ea2b26f54d625702bD38f8769e9BAB07,2.97,0,0,0
0x3B398225550E8073f55CCae4eBB3a7E15fe591C0,10000.00,0,0,0
0xF05F746710810989CEBE376D3123Aa497F5e27B6,595.99,0,0,0
0x323ca6ebD27aA9C702569Dbae052526A7620a8fC,0,0,136.67,0
0x026efB716EfB8e3C54D24A4b5935755F9d904014,5000.00,0,0,0
0xBB54e0f00cfFD82E07E40d7384Cf10E398381eDb,18.40,0,0,0
0x26CB1d454C2894194E21f6b5cD45743ecA4Ee50f,89.67,0,0,0
0xa4497149453410F4e2A9ae833972A1645f77f607,377.67,0,0,0
0xF000BdcCe0A72c661DDcCe7691F7DE4c92b1F1D6,9.40,0,0,0
0xC5A2cF2e19E79D442cbF037abCD7eD070CAd3e0d,3.52,0,0,0
0xdb4bD09747FF6aAFe4A7c3731434d10372174CEb,73.78,0,0,0
0x9C29786E91eF89a74f81AF69B4a96909a33ec22F,0,0,141.05,0
0x1B5E5c444BEB49256ed47F7DfFCAC746D2932AFF,0.05,0,0,0
0xc1e29180A847164DBbc882db94D0C4c5e9346eA1,71.54,0,0,0
0xF2319C9C6E06d234A2f1d96a3Bf529Fb3b388Be6,50.00,0,0,0
0xCe37492Ee7BEA60c2Fd248270f3D7353C23F1D30,373.85,0,0,0
0x1740D6f4203e30023c528a29016D2bab0f9fc425,892.21,0,0,0
0x94D43A945a6a12b92860AD311dA8e6823bF5B189,16.98,0,0,0
0x37B5c75AF31Cc9d538383D7B3Cc08167f5121a1D,12.00,0,0,0
0xed31Af7d5807163d12B4B978591046796604C334,645.72,0,0,0
0xc5cADd04439b02bFE4B4CD24F6D2f00d30B9A22D,0,0,0.11,0
0x98a0D136800eB326C6311AeF6aFfB3CAf76e2777,3144.00,0,0,0
0x60510A81d545d655159F6aF49583bDb579DD7d90,100.00,0,0,0
0x51ee1d036f92489e7C1d6Efc9D60a8b1d6c089Ab,117.49,0,0,0
0x83827A2C2e05411ADA0721ab2C6b3100fBB2f3c2,15.14,0,0,0
0xc31942F0C806A59913eAaD250aa601296f17Fb97,0,0,112.00,0
0x3BeBA1ebE932Ea8E539675459fea5c9173693C9d,6.00,0,0,0
0x7E3ef11072A31b211141c07d6432DF48cdC7ef59,3.75,0,0,0
0xF11d6eEf19d045347F78397635ec70DAf985F350,2424.52,0,0,0
0xDb2857aF800A7852FffC1B2b4b360cf6EAb745fe,3.12,0,0,0
0xcbED35D4EeAF70295FD7964Ae4dEEb1fD567b445,66.58,0,0,0
0xD6c653e028FE78661B9eabD61CAc88F3CdB01d05,240.00,0,0,0
0x012f24a8B8E024ed3760ac8dEc8b21dB68C3BE95,56.60,0,0,0
0xcBB985Dd59Afd674717eA89fd9cf4A97bad844e2,0,0,156.78,0
0xFEbC54D0219Efe0509BF76440472225d2Cd3F282,242.00,0,0,0
0x9477480aC13AB74Cc4989835eFC4fc9573152a32,9.96,0,0,0
0x0a36E8DF9Fd9B9611a3E93636616B3f41921a844,10636.56,0,0,0
0x2fdED102ff73455E80D6463f8Bbd1C20F3615Cce,100.00,0,0,0
0x3ef4bbB1f08F89aE3980380f72b4FA607f411D1a,394.68,0,0,0
0x2b57C69a510B9d5564CE1139Fd2c1868bBeAD286,75.95,0,0,0
0x219F7e6725EcC8E460107b8a776A77e9C3e03828,809.74,0,0,0
0x52Ce28330ad9835b2F2fF30A8Ae053Fc28050276,0,0,504.94,0
0x262023E2dEb8244de1234CD995B2AC841E3c029B,3047.83,0,0,0
0x5576Ac3E416B44dC0792863Ee367a0e6b9A6515c,43.39,0,0,0
0xE62C6205e8C64761b7c15CEb276A8657863c8959,0,0,0,0
0x515f72E6dFD13CAf485BAB2c09FD3FD92c4E9fF8,45897.96,0,0,0
0xe581b7b9D745c06c2D1b49DBf6713D75D49786Af,320.00,0,0,0
0x801C9C6ee6296A566AECA55d2C02FdA56013CCA0,5.99,0,0,0
0xcB4C140aa3427EA9b5996f543EbD97a4d47BF0d0,8.19,0,0,0
0xBdF54359978fF39D71Dc1f3Eb5EE3625E5D6FEbC,54.17,0,0,0
0x02010E84Bf5B3EABAa07267bA84a61e523E0238b,31014.50,0,0,0
0xbe04d94c5255ecbE28256355E68870839fb4F60b,0,0,1211.84,0
0x8061bce9dB859F6094BE8Bb62C24aB4cbdd1e969,0,0,50000.00,0
0x1F6619ab13F34a9388C48198036deE14B0318B81,114.11,0,0,0
0x91b8D5D68E974944b7748737467A14A4D929393f,0,24.00,0,0
0x2fe4b68C02193c0C7F491E0AB81084F7187d25b0,0.28,0,0,0
0xf5C923b6c6565d1DD21969D97b3B37613Ac71a16,4.24,0,0,0
0x27394CCAa9A71f10a314b62D083fe8776BA9076E,515.63,0,0,0
0x87490e1B9Ee02465d6cFc6B6bB69868430820730,5352.00,0,0,0
0x36DD7555f34C963eB9F28BA72fe27E958121A78E,0,0,1213.40,0
0x5B241a1f3751C202b2834ac6E90d144697ecc354,8576.00,0,0,0
0xd5dDAB861C2EcFaB95756244ea495cbBd6A7A1B1,31.48,0,0,0
0x1c584C4b2285B88794E6D57927dcB78cEef1D102,1.77,0,0,0
0xa8362D8B65FF6aeCdC96d8B22053E6efAaF39529,2271.44,0,0,0
0x7E45C4bAe341Bf3C593a3Ae7445E9102A98a9f6d,82.69,0,0,0
0x628B49b21B694CC2eA58195dd297F577aAA8f163,313.78,0,0,0
0xBaD1a8aeE3f3B9abA0653a94bea46d89C2473236,371.26,0,0,0
0x915f221870797a1a6531c12a5B83B45a15C1f75E,1945.38,0,0,0
0x1527482f5323F115036ecd8D4270B18684f0c421,372.40,0,0,0
0x9B5F19CDBe1b7ba8A392e554679DD8dAc2CC2968,116.33,0,0,0
0x589E94f413d4a609a8FA7863D3C0B627D37435B4,440.00,0,0,0
0x7311881F0dC7F12f59123A0a71AF1F57914102Da,10354.47,0,0,0
0xe6AEe5a27A0A68FB6d924b4d1f109099FF037077,0,0,258.53,0
0x77f2E53B549c6409DbF2d0b2bDa6B51A3B8ad6Bd,570.33,0,0,0
0x98983eFc0165950dE7310038a8aBDF9867151005,0.25,0,0,0
0x34f59297AD78A54eD80f4EBeAa7bdb250221Ba5c,144.34,0,0,0
0xdaD73E578D4C1C5c50BF62Bc1EEd7858F16e8E71,1400.00,0,0,0
0xa3c05E4d68980C9ab4Ea954A51372E3568701A9C,189.17,0,0,0
0x6FB8f07b10c7E766d070DC8E1014d30b21241cF8,17327.00,0,0,0
0xE6F1593d8B52195Acf30e613474495D38EAac4aA,1044.99,0,0,0
0x43440BA00fEDB917D3A9427447814925ce5c1261,96.82,0,0,0
0x0dFA064bC5C9aa91e8e6210f1D02C71b22E5e286,670.61,0,0,0
0xdeE5543214EA7c521EfF6725eFA69dE904c434f2,1000.00,0,0,0
0xF564D29eAf0c4A3acadF0E6749c0cCB3b46D456f,100.00,0,0,0
0x11F77346CacA7743833257E221A3eC89A07Ab96e,0,0,215.84,0
0xbF470c92Af5f91451574350A1C8dd9Bf4B81F67f,568.77,0,0,0
0xBA07D590bd1Fa3df7D9599674D8011d0c9595036,0,0,0.03,0
0x7d0Fd954D233A6e26841Fa61e1040C3C8D54DCA7,250.00,0,0,0
0x83dCdb61fa73fb8ABa2b80D17d908CC915286cf0,1641.42,0,0,0
0x2E3c1592A07EB101A9D7b9f43be5A2B790153464,231.00,0,0,0
0x60b7becdA4dAa499bF8e62d8EC07a28ADfB6824A,0,0,1008.42,0
0xf2f7ad044dfBAa417249C8568788d7Aa1E6F155b,3.45,0,0,0
0x2C4753148C99E602Da2318E12e081c6fd249F514,30000.00,0,0,0
0x39F7581023DD1D6c15310b800ABE996AE2d025E2,0,0,0.12,0
0xEC90D767ea611407558759bC3D051C094F48cd79,1277.00,0,0,0
0xFffea4E7cb273c7580e1dBbd61Bc47e8A475eF39,55.43,0,0,0
0xeC499266173bE9f6385361160202c22ed6021297,105.12,0,0,0
0x988506D8c1e7F6062c8804A16B794C418A5493E9,104.48,0,0,0
0x0f5af20780e2e043e164b368316eeF5544ec4291,0,0,49.65,0
0x6B2be7BCA441a19f1d2789A54b695FDC07FFe450,0,0,9.29,0
0x582a8526FB8a0a6F73e8beD4760633ff4Cd3Fd70,523.05,0,0,0
0x935A5D6423Ad26819249CB807EBC8F4b5797697A,8.29,0,0,0
0xBe53204405528064D363E0192ac12a081E399d19,9461.00,0,0,0
0xdd17D7A62832fF7C4a5157C6E47cEA880067Dc99,0,0,25000.00,0
0x29530dA206209AA0484114310E6009F7160d9051,40.66,0,0,0
0xa419Eea70a1d0f7fF808F328Bee1eF6fA6295579,450.90,0,0,0
0x8a57491556302b6A8f3aba4b07180a16746A4Bc6,108.39,0,0,0
0xCd32C14E6454b922838d570d838Ef060Ec916e96,0.31,0,0,0
0xBA299f09c55a903Ef51cb4F3a547E2EFA3b85841,11.66,0,0,0
0x0F1d7C9d52cA5E2463bBabD8208f1c6C84ddA080,144.25,0,0,0
0xC338AF8Dd2d6f9e4a26b88E137f3fB02D1980F41,0,0,0,0
0x16DDDC67c1BAd5224856754f4cc404ECA3d932cB,331.00,0,0,0
0xE3565A42023d8B0f7167c280209f7C18C4D77Fe3,335.00,0,0,0
0xa024F2563fc92F42304a73FaF1b7c14E1E02c019,1.00,0,0,0
0x0f8cf601bde74cFa630Aa487f505f379bbBF6872,788.53,0,0,0
0xc205C1A52cc57E3AdE2D5e15a79fe916C0792144,700.00,0,0,0
0xD9579E7BF89935f75b6E729159b7fb447073e10A,6.29,0,0,0
0x07Fb0B2a10D50ff3eEdEEa9a12D97054dEE68c85,0.56,0,0,0
0x06e23797115bC6d304104659521a0770917e31a9,25.00,0,0,0
0x9E87cE4A7Df7Ff7623e6F0d74e8dAf96034d7E41,0,0,9.82,0
0x4a4785Cb635e903107d0ccE21AfD0E3De4f1168c,300.00,0,0,0
0x4ac490A591c6E0AFE383027e191b51FC3Ce75591,0.40,0,0,0
0x81E0279D5A790Aa7AB8E89de8cF380115b40bE2A,176.28,0,0,0
0xCFEc5bfbdfD44528aCe0f1826245d94D7271b132,592.59,0,0,0
0x7635bfC2EE91419D8a21D2F9B79C5F060C75599f,2.43,0,0,0
0xDb48C42a8247C1E47F7B811CE113a3697898758b,0,0,1.60,0
0x8C0371F5DA97b1ae21A429D9e1b6F578564BF060,0,0,21.90,0
0xAD4002986C58a8875eA6F040eCA4fb15f3343EDC,788.55,0,0,0
0x77D0eD9718C0A821E6696C4152E56c187B2A8Bf1,232.55,0,0,0
0x0B7ca7c77e4DeBffe4725D4be1F0D8A645C93D63,3182.00,0,0,0
0x29b0CFeb09B71D1d1B52926A66cD0Ada40794858,1594.97,0,0,0
0x5D6F6C41c140EaFc61bb79A61c066CAad197a88d,88.00,0,0,0
0x4f0e48f8338540569375ad2c823583ab00da74B0,344.06,0,0,0
0x0795D622d4e251bCCB2259aB15fb3c06F02a5483,5.00,0,0,0
0x8ca73101feE43F6ddC7CBB0DD8e42f822274542B,500.00,0,0,0
0x33a283331c9B40683aB8065a233E8d71cb562627,0,0,429.25,0
0x2cc1E33F4c866B4789006dfDCDEf7508cB48A0E8,29.91,0,0,0
0xa75F77C0AE7D484b2A3c7c5089FFF29AafD185Aa,143.66,0,0,0
0x91e8B708203dBEa5996E5cc3E26E3e8C7e02EF69,27.00,0,0,0
0x0235AC7285d4Ad1a5261904539e4862C13a830AF,483.69,0,0,0
0x66E8d02B996334cD76a7B851d5EF6c9BaDf0a401,256.00,0,0,0
0xcB12aABA3cAD5b46C388db30356e18d0FFC0AaBF,124.97,0,0,0
0xe9c5EF3b771D1ca03e853DCF548b6318f0e82b2D,0,0,698.11,0
0x6C1641856D0bD55316F2a2eA90F1bCDE95edD5B0,436.05,0,0,0
0x8F991c2d52321ae816019AB0663bfBd90Ea67c8c,0.11,0,0,0
0x0369a66d5d25734a9AEf4689546a809888fe5BfE,63.80,0,0,0
0x003b10dc22BD06f51EAb6462F52926109172b5a7,0,0,0.13,0
0x89a9AAB5D21e34Af882ebA897814Bd9A503Da8Fd,707.32,0,0,0
0xaAe52777C96F025365404440cAC1954607baf865,102.17,0,0,0
0x3e9650B9E21FdBA44A144279C6D8c555564bfE28,268.71,0,0,0
0x0Cc4A16b6Ef2dB8df76d2361b051f09369B96889,515.47,0,0,0
0xEB7BE37814C7d5e64a88A0030a72F40f8Df17Ed5,93.54,0,0,0
0xc9F7A606CC3a0a0FF6Ee4eB09Ecca6feE76f3B8e,32.47,0,0,0
0xaA3A9D0DBC7eF324fea72E71035E63aa7F8e2579,0.66,0,0,0
0x126EB117D9558499ed5cF97C62143A279C6124EF,15.31,0,0,0
0x8B4Ec171f329C67D407dAa8c192b563C7166Dc0b,183.00,0,0,0
0x9B2978d9E9D4158135E41AB94749E29b1c0aB33c,1.46,0,0,0
0x3C0C48CF5D4301e0d2e8AEc98CE2c51E160b515D,0.04,0,0,0
0x405C9d0c039bCc3264277E9152a6A5eAA4E6cf5a,0.29,0,0,0
0xF28610F1F37E09f0b2C51D929C6DF66f25880B8c,129.70,0,0,0
0x07b7CC97D490d0Ea89915f3587fB30997E53fb01,45.95,0,0,0
0x08E89A87Ba0516C0B3FADB0e1AFc2D2694A46d60,0,0,7.00,0
0xd76fF9ddDEb7c7b578922bC795Ba4D25e06a61e5,7.60,0,0,0
0x6588F39034Fd5b4a3F8b076999389050DDd12ed4,5.76,0,0,0
0x3F6cC75a71b472EDc35345Ac3a540C607aFd570A,0,14.59,0,0
0x176aE247442791a4D7829Bd45ab32aF6275EC834,2.93,0,0,0
0x8FafC43cE7Bf89A38eA7662a4993975056Df1032,892.00,0,0,0
0xEc1d1dA520C083E2FF6fB4b42Eb4CEDC93b8d6f6,0,0,67.75,0
0x158BD3eB74b1222eDb39a5c6FeC705bb34E11DF9,0,0,19.74,0
0x4ab020eaC33b64f396799AcD3126ECbE273ec75B,51.24,0,0,0
0xf3A188280f4982eCf36cC6b777b35b1D6Eb57D8A,0,0,10.50,0
0x5917c99A782947fFDAdeEC465EF9062E8d398AD2,18.65,0,0,0
0xdEc65d006676C39177A403D208d3621559ba3971,42.00,0,0,0
0x632a83677E0123fE9b60a022479F81D453856a1E,447.03,0,0,0
0xa926eb3D52b5658F252bB5E36DaA0B75b05eAd0a,0,0,0.04,0
0x30242308308Bc059105a48bD146C22cd58b68005,48.51,0,0,0
0x8b17f383743b9bD164d94650274B5f3ae578F8d5,0,0,252.01,0
0xcb4d5E7026C3F86348C80D918bA9E511295399f1,4.20,0,0,0
0x42c13c2D2D7DaF482937C8cC46004683E6235547,28.11,0,0,0
0x85c957189C8782314846C7929750514e3404dea1,27.20,0,0,0
0xF7e294372eBf421b8087B076598dDB1EDabaC532,0,0,32.00,0
0x2b6B68D8F0E307Df645fF3D7b53792c4F45706F2,174.00,0,0,0
0x649a5dC93279E2199991314ABCdB35A906CD4D18,0.04,0,0,0
0xEE845f5486351DD6210C8F06287338fCA0454dB1,5136.00,0,0,0
0x8Fb422c1B93f36acA92D02dEbDD1Bb6D118fa90c,81.41,0,0,0
0x21EBcC3D4f97107f387fca98c9bD9853f5452CB7,3.47,0,0,0
0xbb6FEe4D8B8A121A56AdBBaB64f12792aAA34cD8,216.35,0,0,0
0xd49591f0e9e8FC90856EA791B5f5CDf5eDc78883,50.51,0,0,0
0x42B67b11A97c048851a2b24C67aF8f31b9087703,9.41,0,0,0
0xBEB58b911f3e8620C41aD792dF72533a3a3625FE,0.58,0,0,0
0x01Ff6Fd06390b2568995D02C51d61fB5786766ba,0.15,0,0,0
0xA0128170a285bc9EEE4D958BeAD76A94Fb6265C5,0,0,10.00,0
0x13cFACFE7Fd2Cb6d3573c611c8F93C8840459544,1241.09,0,0,0
0xAAc2811a4714237f2b40432557E5928671Fab9AA,7.68,0,0,0
0x521acB3b53dbaB29cCe4Ba062a82C816A2253d23,23.20,0,0,0
0x1b3fFa3e1A34b3a922f9C3A626F0Ea7ad060ffd6,0.91,0,0,0
0x97439E94A8A8ae60631a1D0a755af69C1B3128Fe,7.57,0,0,0
0x4a2ED910aDAE6664C04A98f575Fc5E7f756d6Aa3,0,0,278.88,0
0x0bE719Fe9F073facAA3C7B56d94eB9891e576A61,2.93,0,0,0
0xC58cd0a28772eF8a7794307b52f98E73Abb125b9,178.83,0,0,0
0xEdA1453605867Dd7E6a2228C1649747957b3eB74,44.66,0,0,0
0xe1CC89bF64c1A28f18aDD5f8fE35EE7956706aB8,0,0,0.71,0
0x54F46cDB6AB4679d5700f6f38761067eCa8423BD,0,0,14.98,0
0xF54fCa6E40FACA75b4Ae95Fc0B86fc95421b80af,6.86,0,0,0
0x91E18979e94Bf7f95E2c7f1E35c5f3F43193CDc1,2.16,0,0,0
0x785f5DAb693F6AD42ac95a4ce391699335Fc2dbe,0.23,0,0,0
0x07D2D7B2163003a0200E62d584997EC33681fe53,22.69,0,0,0
0x4C15873521E29cd5E27c97F0aF235a8A57e7B57d,0,0,0,0.00
0x020ce48bB83cd6cB1483149ED7a6d2bCA4526C84,37.13,0,0,0
0xb8Ef856770E07a7C97152C0f74Ecb7b5ce06D45D,2.53,0,0,0
0x14EDcE712D65dF67430E97C86b14408022394c9B,0.16,0,0,0
0x42be9DbA86B327F606eC58A1178B71F3B7EcAD82,1.34,0,0,0
0xF1Fd47016ca318c3CE05f2525c7c45F900baf609,3.65,0,0,0
0x93458222F95e233d87654A0FB578B95e0d475446,5.00,0,0,0
0xfd675F8E6e391ed1B1b91dA36BE1B322E2f31930,50.00,0,0,0
0x2AE5B3D773FBf05CD313e5Fe4D42c79E3e79d849,0.00,0,0,0
0x8A56aD33fD38E966554B4eC88e67c04c104E4fE3,0.33,0,0,0
0xAC4687FF74f4108F282b3ADf97df2233f8215C38,2.44,0,0,0
0x68666A7b8C976CC4a119848b919F3F330Ed7b002,0,0.92,0,0
0xB9b71957B2d7a87cC8330D009818A65aB363DE0C,20.00,0,0,0
0x34720187F36A3c0Ef50646E02d411630B3a19B0C,0.05,0,0,0
0xc2Fe61d50e997BC6D2635E488dD9897B034de36F,0.95,0,0,0
0x6Ea7cbAaBf811C0D052ed0e4D92B3e3A9a4A8c16,6.92,0,0,0
0x877e9f6C1CEF7A683207fEC3C917aB70B95436Fb,0,0,0.19,0
0xE29d878948cEe527825f7aF03990Cec764E4339B,1.44,0,0,0
0x327c3648956731e9eBfFCD66eB91bA52B62C7dA6,886.29,0,0,0
0x787942Acb2ca3D428AF85c3D12FC8eb924B7753A,21.40,0,0,0
0x9D65ed2059ce415B44323954a35d4cD0aCd52a61,0.37,0,0,0
0x32Ce5Dae082C32a502bB00c6c45C4ff107787a5c,639.53,0,0,0
0xA35f1b56b93026D77a7b5e40BC3f641A096E31A8,55.95,0,0,0
0x0fE0B6C9C177Cf4eBD3d420ceA8BB7fD831d1c55,24.88,0,0,0
0x791d78B8A48771A083A8ae46c049fFE541454e65,5.57,0,0,0
0x25c121984B71374e0A1778b8B987D97da82175Db,109.90,0,0,0
0x0Fbd240ad5b61826ec7F6CbABf99B26b1B27ce04,7.76,0,0,0
0x476Aba9CF7d3115f49624b432218E1982E6e2e29,0,0,1.02,0
0x5d968381598badaF55b1337D389f2Ec92A0cc519,0.00,0,0,0
0xe65D97fbCFB9Be63f80178d0cbbAc793e2A06e12,0,0,0,0
0x418942E4dF5317CB82FCA14FB78f42Aa0E105BcD,5.83,0,0,0
0x63c833c738534e0bF4dd9a8b4Fd8ED0fd6D70D1f,0,0,1.43,0
0x598723E1F53102474EAC20073df297a7f0B996EF,0,0,62.61,0
0xF745DAdF17CcF945Cd90aD4B5E37d9D711D35a93,131.00,0,0,0
0x4D342034F2526CAE10fF76B92B0031557Dbf8b71,9.28,0,0,0
0xaDC73cE413be60F1240889BD5873DD3C7B88c6B6,209.09,0,0,0
0x916c916A4cA34DBe6139D1249bF0b62CDc7173Ba,30.00,0,0,0
0x4f2F4e4FdBD228bB251b8Ec5de742599250Fc77E,11.02,0,0,0
0x2343c6e0Ba05B39889d4B74ccd2bAC9757249001,0,0,0.00,0
0xC243EBAA8738e34eCB814035914a536998368205,0,0.53,0,0
0xa20a463657b2D840a58aDFc02A09dB1E19f025FD,253.07,0,0,0
0xF4b40B20572D117EAD7b5ca3C7eFf7d3CBdC4067,110.58,0,0,0
0x0F08EBaB7DE1c6049Cdcb3aE6698d9Ea031DE75b,0,0,0.72,0
0x4a6ee6E8835292DfB9ae46165733c5325A6ADd80,6.47,0,0,0
0x21e9B57630a614171e659835E70d6A2273843442,0.48,0,0,0
0x59ad7ABe303de140659b97e7fe58b8A691706A8f,0,0,7.86,0
0x9ee2ccecBB74D78A84269E0258C3d45FcD137b30,0,0,4.00,0
0x6b74c348f9e11551A29F81aBB1Afbc85655BE252,7.51,0,0,0
0x886f9aB1b54d9eBaf7031d930B8C653B18b59688,2.02,0,0,0
0x1b0658bcc8a65F1E6Cf08009B2A3E332a2956Bea,14.43,0,0,0
0x101545002622cB511897CD7f919763d6427F7912,0.32,0,0,0
0x6A73a7cdd1Fae32245d78260928D39e975AE0E6f,17.64,0,0,0
0x00ce049D0624a087473A4bd5078AC90Ad25175e8,198.20,0,0,0
0xBDC8DA32f0a769c10d97aF6D2AD48C6107c7917e,3.31,0,0,0
0x59C2cF9bBD916C44C7007F15bCA76845057DE632,0,0,323.96,0
0xc6eb999E07F1bA687Ef3179425113557Ef747FE8,0,0,1.18,0
0x42e77472B3C250b630AdEC6ac9C9E7D25304dfDf,186.90,0,0,0
0x13d1a271e464FC68020D7d13f56abC41f2362538,0.14,0,0,0